"Epic","Feature","Story","FAILED","BROKEN","PASSED","SKIPPED","UNKNOWN"
"Job Management","Master API","","0","0","1","0","0"
"","","","2","0","0","0","0"
"User Management","User Details","UserDetails should be shown","0","0","1","0","0"
"Job Management","Job Count","","0","0","1","0","0"
"Job Management","Job Creation","FD should be able to create job","1","0","0","0","0"
"Job Management","Master API","Master API should bring the OEM details,Problem type and Warranty Status","0","1","0","0","0"
"Job Management","Job Count","Job Count Detail is shown correctly ","0","1","0","0","0"
"Job Management","Job Details","Job Details is shown correctly for FD","1","0","0","0","0"
"User Management","Authentication","Valid user should be abale to login to the system ","0","0","1","0","0"
