"Status","Start Time","Stop Time","Duration in ms","Parent Suite","Suite","Sub Suite","Test Class","Test Method","Name","Description"
"passed","Sat Oct 03 19:20:57 UTC 2026","Sat Oct 03 19:20:58 UTC 2026","996","Phoenix API Test Suite","Inwarranty Flow Test","com.api.test.UserDetailsAPITest","com.api.test.UserDetailsAPITest","userDetailsAPITest","Verify if the user detail API response is shown correctly","UserDetails should be shown"
"passed","Sat Oct 03 19:21:01 UTC 2026","Sat Oct 03 19:21:02 UTC 2026","682","Phoenix API Test Suite","Inwarranty Flow Test","com.api.test.CreateJobAPITest","com.api.test.CreateJobAPITest","createJobAPITest","Verifying if create job api is able to create Inwarrenty job","Verifying if  FD is able to use create job api and create Inwarrenty job is created"
"broken","Sat Oct 03 19:21:01 UTC 2026","Sat Oct 03 19:21:01 UTC 2026","593","Phoenix API Test Suite","Inwarranty Flow Test","com.api.test.MasterAPITest","com.api.test.MasterAPITest","masterAPI","Verifying if master api is giving correct response","Verifying if master api is giving correct response"
"broken","Sat Oct 03 19:21:02 UTC 2026","Sat Oct 03 19:21:02 UTC 2026","605","Phoenix API Test Suite","Inwarranty Flow Test","com.api.test.CreateJobWithDBValidationTest","com.api.test.CreateJobWithDBValidationTest","createJobAPITest","Verifying if create job api is able to create Inwarrenty job",""
"broken","Sat Oct 03 19:20:59 UTC 2026","Sat Oct 03 19:21:00 UTC 2026","556","Phoenix API Test Suite","Inwarranty Flow Test","com.api.test.CountAPITest","com.api.test.CountAPITest","verifyCountAPIResponse","Verifying if count api is giving correct response","Verifying if count api is giving correct response"
"failed","Sat Oct 03 19:21:00 UTC 2026","Sat Oct 03 19:21:00 UTC 2026","479","Phoenix API Test Suite","Inwarranty Flow Test","com.api.test.DetailsAPITest","com.api.test.DetailsAPITest","detailAPITest","Verify if Detail API is working properly","Verify if Detail API is working properly"
"passed","Sat Oct 03 19:20:58 UTC 2026","Sat Oct 03 19:20:59 UTC 2026","550","Phoenix API Test Suite","Inwarranty Flow Test","com.api.test.CountAPITest","com.api.test.CountAPITest","countAPTTest_MissingAuthToken","Verifying if count api is giving status code for invalid token ",""
"passed","Sat Oct 03 19:20:54 UTC 2026","Sat Oct 03 19:20:57 UTC 2026","3738","Phoenix API Test Suite","Inwarranty Flow Test","com.api.test.LoginAPITest","com.api.test.LoginAPITest","loginTest","Verifying if login api is working for FD user","Verify if FD user is able to login via API"
"broken","Sat Oct 03 19:21:02 UTC 2026","Sat Oct 03 19:21:03 UTC 2026","615","Phoenix API Test Suite","Inwarranty Flow Test","com.api.test.CreateJobWithDBValidationWithResponseModelTest","com.api.test.CreateJobWithDBValidationWithResponseModelTest","createJobAPITest","Verifying if create job api is able to create Inwarrenty job",""
"passed","Sat Oct 03 19:21:00 UTC 2026","Sat Oct 03 19:21:01 UTC 2026","461","Phoenix API Test Suite","Inwarranty Flow Test","com.api.test.MasterAPITest","com.api.test.MasterAPITest","invalidTokenMasterAPITest","Verifying if master api is giving status code for invalid token ",""
